actual,pred_lr,pred_xgb,pred_xgb_calibrated
0,0.2363859152842368,0.18098055,0.17973698875787159
1,0.9534827447265034,0.96476936,0.8720234463397766
0,0.1212691514621765,0.1621851,0.1668960723263218
0,0.07507818618975154,0.057199694,0.13013804384792557
1,0.3086999092690872,0.2638209,0.28588592122110973
1,0.9655075247072045,0.98223406,0.8891750037849417
1,0.19838354980147785,0.23714103,0.21752538223098167
1,0.30745265388791554,0.23193522,0.25521852253842575
0,0.7374853013011045,0.69021624,0.7311286422955287
1,0.12143478588416048,0.09613931,0.14845907537001296
0,0.2828278818904291,0.1722033,0.18922942735091625
1,0.38624768168733215,0.24342284,0.26412259450677283
0,0.154319163247189,0.16694315,0.18122487774097057
1,0.41006575631392617,0.34733576,0.32468868828239145
1,0.05563801286976622,0.08443825,0.1412329021545981
1,0.25902516327051833,0.43055543,0.40386588981370214
0,0.04131568793999987,0.03702197,0.11372833573408665
1,0.6990402580336247,0.8396192,0.8266196705512506
1,0.22622337355108996,0.3855016,0.43320069157432595
0,0.4721788174438248,0.26011115,0.29751500629132294
0,0.2548545587360217,0.30247182,0.28599508588109596
0,0.0556252168522546,0.046688218,0.11905396280667706
0,0.6542188930616817,0.76483876,0.72243189907833
0,0.3207928987285628,0.34307945,0.34235539904297263
0,0.08486784744596444,0.09223873,0.142924434798363
1,0.4436433948154077,0.37500605,0.3450453098496664
1,0.8589783370941204,0.96560097,0.8750523461014094
0,0.2958960362293655,0.177509,0.17467150781080137
0,0.19471810116178173,0.21003717,0.23864455341096596
1,0.5787424190070916,0.7724518,0.7445899844822557
0,0.10683379329573546,0.17016162,0.19435518396088375
1,0.9380916018867287,0.9244524,0.8673239099370897
0,0.25707774991083315,0.41374084,0.3632247613992172
0,0.14056761194983217,0.112740345,0.144679052229497
1,0.5030810204931241,0.6802384,0.6594947729390798
0,0.46898728039386517,0.35197017,0.38695954200390476
1,0.29000572199460917,0.15606734,0.2070315678926024
1,0.061863647033599235,0.14061835,0.1503369940928262
1,0.8059417829039109,0.78588015,0.7570855987024003
0,0.24066904416627974,0.100704156,0.14980994216930338
1,0.48580755827596217,0.4247609,0.3899749444016962
0,0.15012539240698575,0.36564663,0.30573498196582916
0,0.5188896005045689,0.35795286,0.38023602863826494
1,0.8038032654191486,0.8819125,0.8324681632541926
0,0.24793823860060882,0.15384956,0.1831334849232728
0,0.2301210448327824,0.04509846,0.12632368515093056
1,0.6648156727948789,0.47863147,0.525487358900129
1,0.5950235251833071,0.6525294,0.6204089249148833
0,0.14164361078740878,0.082806595,0.12948511155343184
0,0.1755598844036156,0.072908044,0.1423896705061681
0,0.5502043942478728,0.2498601,0.2863507670765591
1,0.743102814716775,0.5651988,0.5162638955765649
1,0.674520798677268,0.87990075,0.835963120003197
0,0.3046461068375462,0.22979489,0.2280592303780205
0,0.02408856861300701,0.015157092,0.10433015617735023
1,0.3604597069734228,0.1739911,0.22997828280073182
0,0.1408327808082291,0.15363114,0.1664804706258969
0,0.04937021598770073,0.048972603,0.11543223992115947
1,0.9212154960799059,0.96467006,0.879620787093066
0,0.5457761086177499,0.3888003,0.3694707540024638
1,0.7186933655644497,0.9207457,0.8300475358956276
0,0.15852801387002896,0.12117461,0.1492655412135835
0,0.24548323137121378,0.21129057,0.23230707458033914
0,0.04473604281740404,0.035544608,0.11299259994100101
1,0.6707558188520435,0.76206315,0.7635030344058377
0,0.12096260657302106,0.07522323,0.14228636665578248
0,0.15572333240116862,0.14950593,0.17192053728529377
1,0.12961153719132826,0.19332156,0.19495087854985013
0,0.05273331980774732,0.043599684,0.115072247190915
0,0.3704285879199002,0.17446864,0.17114764589244114
0,0.5055652038581973,0.5193209,0.5296735507169994
1,0.4243616515430765,0.65393513,0.6670999668543627
0,0.33893479654018305,0.3335725,0.29112256783590856
0,0.041238373777043896,0.049212698,0.12153930696210317
0,0.5597933893930285,0.28856382,0.3163735544069109
0,0.609408579683319,0.4454225,0.3853066433749818
0,0.05865595396553108,0.025093144,0.1070190377113583
1,0.6533549656360528,0.6068189,0.6470922855342507
0,0.7020462833026881,0.77917266,0.7576836413782921
0,0.11767332669481903,0.10208191,0.13773187592975536
1,0.7560762222870241,0.89172274,0.8292246646544555
0,0.11265944389326459,0.116220295,0.12794839483719744
0,0.33087080101767463,0.2238592,0.22590917056533266
0,0.08607035595643305,0.04890122,0.11897554203212315
0,0.05421915385077475,0.06574919,0.12090916586340494
1,0.16158968153623143,0.19052178,0.19303175431907624
1,0.8893765011488056,0.8534538,0.8307101911343313
0,0.1797120636248801,0.2755563,0.2605647564818187
0,0.3123589073995891,0.22975992,0.21499790064206178
0,0.1423308537774051,0.13412863,0.16003551406112465
1,0.31467284371925713,0.3137595,0.27042557254393274
0,0.40401808240394904,0.23002766,0.21223309200413581
0,0.18911577272503968,0.23709895,0.21797012075106886
0,0.280616366436277,0.27952522,0.23306734042911473
0,0.2795700411653207,0.24708937,0.2985387576745673
1,0.6666264625288797,0.50884587,0.5019079871774006
1,0.20406661746122107,0.089353375,0.1514242378582497
1,0.6576582394140209,0.80136853,0.7711704185595527
0,0.10881988221135187,0.057832923,0.12885229401027007
1,0.35504285382929335,0.28576386,0.3003373155305181
1,0.9445944145131256,0.965019,0.877882099443745
0,0.7188335957960361,0.7936459,0.7693084962905968
0,0.2101243407325888,0.07780778,0.1587478559696318
1,0.931117212947487,0.95234877,0.8774683511251616
0,0.6736542386584717,0.7274343,0.6821703446730186
1,0.7299867552757252,0.8440248,0.8147506336232528
1,0.7089865758123142,0.6658206,0.6502566660199539
0,0.05204437234353416,0.053697504,0.12172105252815621
0,0.29514558397609486,0.40408084,0.3779908625595515
1,0.4026725518582252,0.6197721,0.5786811785058135
1,0.3574286770804182,0.41619045,0.3782691628425686
0,0.3016950606190991,0.14921017,0.18368516350556072
0,0.05648784791361248,0.042097118,0.11179448469725153
1,0.7836444471893983,0.7412903,0.6893654854312662
0,0.33518231895753253,0.2759326,0.23536709105081027
0,0.6442500545090837,0.42649904,0.4377735060488911
1,0.5446546641600222,0.58930135,0.603490903603694
1,0.7227047241392033,0.7730806,0.7316397731270017
0,0.9056106385257947,0.970086,0.8825976676403308
1,0.8003504445946453,0.87961394,0.8264832347085267
0,0.2975928405148557,0.56072944,0.440398113370282
0,0.35623227119856987,0.18721741,0.17868985923242686
0,0.346406945216832,0.36350608,0.30119119451847354
0,0.6242497528375075,0.57703364,0.5970168195498914
0,0.49856343806673076,0.6979996,0.6804620192568016
0,0.4099241014166159,0.27632043,0.23904716981078206
1,0.45384221434845423,0.6150904,0.619572386980096
1,0.6081855053536562,0.51869816,0.5136960604537445
0,0.05072464999150199,0.1509475,0.17547288384476784
0,0.13977105896273762,0.104886934,0.13660329550788783
0,0.13643187534696752,0.1809068,0.18324117734645262
0,0.0219120263756044,0.021840645,0.10657147359612928
1,0.32192244642557244,0.3909128,0.34023453964457684
0,0.2566391156347667,0.6455425,0.6170862311839173
1,0.4781156878139637,0.5677936,0.5898171036176818
1,0.8108766347636025,0.8633787,0.8174146036925143
0,0.7131383262982923,0.6478205,0.6752239630447183
0,0.4694431313561628,0.3285397,0.40919280887095866
0,0.71053959042231,0.86093104,0.8266494329144892
0,0.38847314941382427,0.6082329,0.5858481567125408
1,0.2918596982940462,0.20900074,0.23637837326693173
0,0.16893536797668565,0.10803865,0.15220170199920827
1,0.6556944315262564,0.46886593,0.4670071892485813
0,0.0839782047260476,0.0648321,0.12634504925806067
0,0.20369445303058917,0.2790175,0.262545557175621
0,0.043062150879865715,0.042596865,0.11487270560079725
0,0.12935786136895294,0.09398882,0.1390695917545717
0,0.2913336449666708,0.2483178,0.2566087629424719
0,0.31818285800773666,0.14597186,0.18965759000133825
1,0.5347011136193892,0.7321246,0.7385557485016279
1,0.9274550628372669,0.9626966,0.8767357763341265
0,0.19804161483319918,0.20304127,0.20818895758356062
1,0.2690042457549669,0.20407414,0.22115555834107367
1,0.5394480573698839,0.7774907,0.7782709707581086
0,0.6483096252603985,0.44495544,0.394867841107366
1,0.23113124657159081,0.55869776,0.5164777982639103
0,0.23341025113572916,0.11216336,0.14982247261098147
1,0.6429631741916781,0.75430137,0.7188346546830056
0,0.056066040567153974,0.07870677,0.13400923389616481
0,0.060197922712443654,0.051707342,0.11946170328650867
1,0.7402993909627918,0.8487217,0.821720431616163
1,0.6923682306488569,0.81299835,0.7740591652122597
0,0.07842559419492867,0.12435718,0.1529962001299356
0,0.5409335144913134,0.38415766,0.37250165506209015
1,0.31028177282848574,0.35484105,0.3552297834761494
1,0.09399827917786843,0.120502904,0.1419961945676166
0,0.7038369797954215,0.7212531,0.6736045292927779
0,0.6363005287943976,0.73035157,0.7536861871755158
0,0.32653698072765486,0.3659391,0.41423448276147806
0,0.03157661911876067,0.053130258,0.12248441645545811
1,0.5188351177782853,0.60393286,0.6147270626588288
1,0.7202393990151559,0.51165223,0.46260325149041126
1,0.63928521147969,0.56239253,0.505075380436191
0,0.16237389826800572,0.1333237,0.18989133855583984
0,0.4511605976285823,0.360871,0.36907535129201163
0,0.26330401686371696,0.23961416,0.2310774165560569
1,0.5921635277649189,0.669931,0.6779339240039819
1,0.891370917721136,0.94781667,0.8745228535465804
1,0.06924187707019964,0.16488011,0.17740962304379088
0,0.06099367590354887,0.08800579,0.13297147299923623
0,0.25569999811733835,0.25166595,0.2539697815541776
0,0.39062860649071224,0.27685088,0.24278794729660355
1,0.514519212841108,0.75395924,0.73248130205955
1,0.4047552414830775,0.30914125,0.35594618996952687
0,0.28405471176611413,0.24531147,0.25200888403924215
0,0.44261957982310435,0.22430134,0.2529029700635247
1,0.4566837545830467,0.19267586,0.23808403560911323
1,0.8629981581561363,0.8949344,0.8492486934437785
1,0.4045429113183594,0.56821597,0.5372795267190179
0,0.4774852420880348,0.50112355,0.4290025019569188
1,0.26887637045775487,0.33335924,0.3753699707330983
0,0.05353758532299463,0.024541875,0.10870883477642593
0,0.16769633508162266,0.11429714,0.15889867101775978
1,0.8467207045227532,0.9130241,0.8534041492587778
0,0.23831010064927613,0.25579515,0.2805787906536207
1,0.25579245259090017,0.20183381,0.23100380146429864
0,0.027721904583338553,0.016142827,0.1052660035777947
1,0.4457908778472344,0.35824832,0.3492410281235262
0,0.18628854858067073,0.08517604,0.14052574070117
1,0.6818248376072116,0.83753675,0.7964906826939883
1,0.5502048795672504,0.5346877,0.45092961638273676
0,0.08959390506505749,0.097315125,0.1401116460370152
1,0.6788605462709613,0.7059447,0.7140478317562583
0,0.04222594822128425,0.1068935,0.14734308625349646
0,0.370451892133989,0.23313047,0.24518439898121747
1,0.7935813816409559,0.75848585,0.7598854648261741
1,0.7667885568546998,0.8918234,0.8356328305235021
0,0.33129844493053834,0.29361612,0.3432218652117958
0,0.10208806790968095,0.059410684,0.12436704811247548
1,0.21576745232467712,0.252777,0.2815854228549569
1,0.48167681642940646,0.6323064,0.6128947190579003
0,0.4140772501228684,0.5727794,0.5154510835072321
0,0.24148621003553508,0.10555601,0.1514254369531273
0,0.34475208275264596,0.33789417,0.24304416470709667
1,0.6256437647023226,0.8600732,0.7974127439513652
1,0.7440441874809318,0.8863504,0.8106824068773815
1,0.2581203201757197,0.42099288,0.33828832897320743
0,0.889122143874269,0.90832,0.8563475746936652
0,0.21715917185540481,0.14104734,0.16903969379834766
1,0.3232782044247677,0.20855683,0.20325917840208568
0,0.11057108767048904,0.14348093,0.1913090193546271
0,0.0513374324006996,0.065595195,0.13418620488064256
1,0.8570658325660229,0.7138195,0.7058983443695871
1,0.9405722865061942,0.9657002,0.8830935360462998
1,0.6077957696527516,0.7284126,0.7193002991366436
0,0.08857474603990931,0.10744465,0.15578996419475788
1,0.6614843394101542,0.74807495,0.7344764731857155
0,0.09453777758955574,0.02173519,0.1048972513018098
1,0.33471864946944463,0.121358566,0.16641683201750293
0,0.1633396695147619,0.071613766,0.14236143642672064
0,0.24442212097207425,0.42980042,0.36245923878037256
1,0.3063517142680554,0.44942614,0.3909852357368718
0,0.20141779421069822,0.08163862,0.1490214934921567
0,0.2493214232639997,0.18718724,0.21195860775998118
0,0.4376761109602956,0.19347921,0.21484155180726477
1,0.17178574653494325,0.1084501,0.16183543109194215
0,0.08071861451408234,0.07556918,0.12804607194233694
0,0.5380561915179786,0.3475898,0.3894916566343804
0,0.47234396753436647,0.43989077,0.41740678663173814
1,0.2961881511563277,0.3131292,0.312632905749996
0,0.33543722696511596,0.260393,0.2544920523936892
0,0.21124847334197308,0.17429365,0.17112010594959318
0,0.22426981595924422,0.4988793,0.5180156651776253
0,0.4579462255116767,0.494801,0.41559957419976845
1,0.13258241498640888,0.2843953,0.2692555657011846
0,0.46563253588478143,0.19006018,0.22341143333469207
1,0.8565229072936476,0.8944923,0.836572922799602
0,0.06151801491666781,0.065925784,0.12433894176281797
0,0.12501290457782235,0.04262481,0.11054591289913629
1,0.8580002197188913,0.9046358,0.8343983482600213
1,0.35263574887342813,0.5197131,0.46575463325728406
0,0.3593569198757926,0.2446787,0.2539341976679876
0,0.5443089678188502,0.6995773,0.748704348116737
0,0.6219207858623089,0.46888563,0.42679969926807243
0,0.14873352317107558,0.14374046,0.16850415274254849
1,0.07380118724029937,0.094871834,0.14011384722887155
1,0.8379331505728107,0.84562564,0.7537494698624789
0,0.06025022348807206,0.06347244,0.11683668369482499
0,0.7988114416134383,0.75221944,0.6511108651073501
0,0.07479994294073015,0.048549745,0.12286148220044639
1,0.1489610976750847,0.12887157,0.14432274894415573
1,0.5650158159676129,0.6500287,0.6686702784041704
1,0.8019362455597873,0.88580054,0.8189098590478965
0,0.14445810402440007,0.0636733,0.1433343676725621
0,0.04356044081334111,0.06125388,0.12111023668385759
1,0.8723197180223863,0.8348603,0.8327320858196531
0,0.10157302699403711,0.079374425,0.141504034693706
1,0.500089129663876,0.7677799,0.7342350364330729
1,0.16389453006376012,0.18453488,0.17200131135209154
1,0.3004115128410398,0.31697246,0.31793095625713413
0,0.03419744577963159,0.022682589,0.10262635749718814
0,0.09238366336458781,0.06014754,0.13494463684488872
0,0.303918091980365,0.24070224,0.22390372032625355
0,0.08072374287752726,0.097617775,0.13820266571760015
0,0.7306047817261946,0.78347516,0.775190511672118
0,0.35216588109074676,0.2949837,0.24759322008236267
1,0.9259359358007402,0.8942484,0.7971226761342006
0,0.1571278748323046,0.111038916,0.14258393992607452
1,0.7051346114791547,0.8127619,0.785144653317508
0,0.05147517747188118,0.03902434,0.11150368448076273
1,0.48753653992755663,0.7129868,0.6786050910612154
0,0.35647089720191827,0.31372464,0.37467793386436066
0,0.16082529813230642,0.173852,0.17579282461306417
1,0.7885387191482496,0.8521549,0.8146019823231407
1,0.8119819535916333,0.85546714,0.781826558375675
0,0.626811379018878,0.79920834,0.7654697440496369
0,0.24471445909593834,0.17303224,0.17681707245391848
1,0.16872870659808795,0.08636378,0.14876678036403806
0,0.09194507171704001,0.1149473,0.16179936438677817
0,0.6834610607962469,0.6786433,0.6607399883986871
0,0.21820364971012052,0.20980577,0.2044014396419409
0,0.2888010231768168,0.31542966,0.3436289920539811
1,0.16033338992781282,0.122479625,0.14750599953716342
0,0.35965045486260616,0.5069523,0.4751553714084406
0,0.1847887942154537,0.052932795,0.12464335647347387
1,0.19079527637823238,0.17013453,0.18067975215737692
0,0.7674417865590679,0.6744136,0.6057264269117277
1,0.9438683046310915,0.9832894,0.8868803261628269
0,0.3211323067075525,0.44858807,0.3565745122324596
0,0.6173517198312545,0.517954,0.5051642897218676
0,0.6747979057133837,0.532378,0.4755350649710029
0,0.040168474508043485,0.06253336,0.11781086671018397
1,0.969250040169411,0.98022056,0.8881072428993372
1,0.5586509702212253,0.4349789,0.4743074724930512
1,0.25829509829246394,0.18945302,0.19795998261624317
0,0.4430658704475062,0.5061735,0.43562860810584675
0,0.20190670982096534,0.09581819,0.1394772230151802
1,0.7176362549131823,0.85645556,0.8219213746827834
0,0.6670123401968542,0.6244094,0.6514327274411171
1,0.038480236258918415,0.026733309,0.11049199777207733
0,0.0469123185522006,0.059034828,0.12740484735145205
1,0.9138119449106088,0.96479046,0.8822103182355111
1,0.3352133642981784,0.31444204,0.31313585835783725
0,0.22909060522837824,0.29856548,0.27101013669558405
1,0.797023882835367,0.8514192,0.8057073137294946
0,0.02448466108687016,0.02711224,0.10668445076000325
0,0.3204125038952319,0.2953753,0.3392805668396984
1,0.7930709329858469,0.7941477,0.7556087208033178
1,0.5389638317685238,0.7128449,0.7048628810187823
1,0.272171760628657,0.33209944,0.3036087359451361
0,0.26955444062457745,0.2145786,0.2303665182401519
0,0.0428487542788764,0.034680013,0.11228930989183288
0,0.1658909912533985,0.117946975,0.13734871032721652
0,0.04179691800797324,0.04485546,0.11057091977749697
1,0.510091668482592,0.5267701,0.4836378149243192
0,0.1360045120991338,0.121340126,0.1446964680212111
0,0.28599585715249015,0.1870351,0.19883866272062684
0,0.7053440053933341,0.4706928,0.4538642241205289
0,0.47221556437493933,0.27937385,0.2550177088545264
1,0.4295833851620684,0.3859834,0.3382090523415725
0,0.06916037377918954,0.08446249,0.14802147508757757
1,0.8482696944155061,0.8337812,0.8182701819876707
0,0.07689260567887793,0.11065183,0.14313261148429657
0,0.26351287010477803,0.15120241,0.1759503578344937
1,0.3742923160692069,0.3227819,0.3585753628466092
0,0.22209200799281437,0.1503412,0.18511569251774398
0,0.2168460015396285,0.34639966,0.36310290174809784
1,0.2890605443875612,0.5577996,0.5900238480767526
0,0.45122423671319484,0.23127533,0.26383065370917363
1,0.7300697113377413,0.49523136,0.4794147427413133
1,0.8099322868804553,0.6328469,0.6596003234142837
1,0.8331814921806946,0.90302217,0.8469953499364996
1,0.23059928498740231,0.26272863,0.24309885100359407
1,0.4567370721532544,0.6849065,0.6888544997245957
0,0.40569196811454,0.43150112,0.4299341051751055
0,0.29948768982190266,0.20721966,0.18637490061338807
0,0.1057267831692897,0.12803234,0.1575104370376924
0,0.7112017878158096,0.59775054,0.6333931017494991
1,0.5122234043246674,0.6191399,0.6203103757748509
0,0.4554098093300624,0.61718297,0.5586182282423453
0,0.2011071359055092,0.21066867,0.1840832573041345
0,0.684870023724558,0.61382496,0.5754410928643845
0,0.19847828775908552,0.16772303,0.1750902571337201
1,0.3964138482692852,0.4267534,0.3278752810723207
0,0.11260457592083772,0.29991573,0.2469649183249262
1,0.428779178260797,0.6900985,0.6183157420669747
1,0.6271796180206911,0.8190932,0.7771997850038723
1,0.7090548943743862,0.679224,0.6921324116260223
0,0.18418151662052554,0.2760531,0.2180380795754587
0,0.696048048419562,0.68564415,0.6732534319399075
0,0.29084401067247734,0.22914125,0.22326010701057825
1,0.6394976180131431,0.6765606,0.6853923762972823
1,0.582571894332551,0.33291304,0.42742860329278065
0,0.04523056367950007,0.04416153,0.1183616410789414
0,0.3042303828658421,0.13507175,0.19014195419295418
1,0.8108621978130296,0.83538777,0.7820778091992889
1,0.4670103057600377,0.71506155,0.6762141365243193
0,0.11600665550192077,0.04762029,0.12777392164201967
1,0.6585886249050633,0.8229283,0.7785515738147456
0,0.0250207326742422,0.032861307,0.11127105051211447
1,0.3038178421280107,0.49768522,0.4860238969445675
1,0.16812165476178947,0.15404902,0.17778272842621576
1,0.7503047612069972,0.6503707,0.6702496209151565
0,0.03996993992037555,0.051503118,0.1312232185446777
1,0.4317793597466118,0.75150806,0.7090913352748167
0,0.27393664611722407,0.24516618,0.23320774975125932
1,0.7021785030340576,0.7707498,0.7710182060999978
0,0.04681174206844447,0.05185686,0.11493191546041062
0,0.0799309892397903,0.25232533,0.19509702617037938
0,0.6319909708974123,0.39015254,0.4254060043994491
0,0.2288078291632869,0.20468213,0.21249236368732555
0,0.11734124091101578,0.24072158,0.2502100174717983
0,0.18822014171748314,0.14748497,0.1760733213009406
0,0.15219793907820148,0.110658966,0.1458799298990901
1,0.8531448200719977,0.8784683,0.8464103461910973
0,0.08123425681881631,0.107188225,0.14931159538203195
0,0.2997424558739052,0.6755188,0.7055487751629028
0,0.5228900646721627,0.37029684,0.3334636624925264
1,0.48746575904790307,0.23599055,0.2904686208377022
0,0.18976739515807645,0.107915446,0.13900643960040365
1,0.22581527248131344,0.2829223,0.2593373457771948
1,0.7892654980232346,0.8019533,0.7977246677936417
0,0.47535977291262954,0.5396065,0.5377634635783075
0,0.04659617540758817,0.05103915,0.11784623245642911
1,0.7394302235575979,0.8508137,0.8232369884617257
0,0.6380588108546345,0.718992,0.7011223264632357
0,0.3738622229286507,0.2753835,0.23720854065757419
0,0.505040530348492,0.277496,0.2604723348119182
0,0.16499706089593108,0.21590285,0.2410207805889532
1,0.9063638139081381,0.8710976,0.8343991319714771
1,0.8332271752682324,0.66921866,0.6255388634433946
0,0.07988384577417819,0.040804654,0.1155649448097967
1,0.6310409931155074,0.64835525,0.5485307620473606
1,0.4743110052145758,0.6988379,0.6733581260339845
0,0.10815980941205856,0.06798683,0.1243083219257624
1,0.6817634667719881,0.77593064,0.7592098800369487
0,0.055206309455442075,0.07330481,0.12296938787114516
0,0.35488276475490715,0.22978313,0.20894371194212985
0,0.1617014759826281,0.081790544,0.13480680817333907
0,0.18824258648788442,0.23550561,0.20093426966614736
1,0.7167543633345228,0.7091341,0.7094587815721027
0,0.15733608703515745,0.1727099,0.19902969754627103
0,0.15307736843960257,0.10993788,0.16359544824434394
1,0.2140859156742217,0.21761908,0.21448042619388552
0,0.5168640660234888,0.28746393,0.35634873225593405
0,0.12478926433443371,0.14954747,0.14266870992749564
0,0.11299870387408709,0.06701184,0.13044572494690052
0,0.26307785594159205,0.22167931,0.25861895946765767
0,0.13739153976505372,0.09022956,0.14825878992372285
0,0.08096885315054567,0.063061155,0.1243798267294302
0,0.402258269884048,0.2700912,0.2327512552080695
0,0.25791403378637356,0.27790502,0.25146635599885625
1,0.2399998376689209,0.3856422,0.3506361306160367
0,0.1202890668255843,0.10331942,0.13720773756745028
0,0.21705525942018433,0.17900418,0.19747499117646036
0,0.16686282008576253,0.2009844,0.23272458135129606
0,0.08219377686239862,0.10686389,0.1482970090709504
0,0.5599577449610679,0.24651785,0.29381945336550774
1,0.14582391210665593,0.33048308,0.257879574260307
0,0.47590448297625165,0.54886997,0.570267538386769
1,0.8907953855309646,0.8016219,0.7661528792051444
1,0.1301925806832202,0.08970211,0.13474139180630626
0,0.11347577123310659,0.08683976,0.14269870338600757
0,0.25911306359024816,0.22210927,0.22467412284562807
1,0.798077621553683,0.80062467,0.7883033958400008
1,0.46932489369365327,0.34863424,0.3559456535337399
0,0.24699914023890304,0.39885363,0.35469898458452526
1,0.747976515506836,0.5979512,0.5269064718273502
1,0.6763365839581612,0.6927163,0.6924021322378403
1,0.4840777965188299,0.5017515,0.4931081075498585
0,0.46280032266764887,0.33173683,0.308871124413818
0,0.11330580960802147,0.18476075,0.19314730480216852
0,0.10796327594918945,0.076096095,0.13404226110310571
0,0.1141547275298577,0.07588398,0.1414719115940953
0,0.040878153274541265,0.044040248,0.11314892708832207
0,0.8842964213953282,0.8810087,0.839821671466547
0,0.09784891520611323,0.08238378,0.12824666034202767
0,0.6844486779019039,0.4132846,0.34421423565646564
0,0.22491828749130016,0.3944597,0.40436944713732037
0,0.24678267741514368,0.22570398,0.2333863923574253
0,0.466005261571179,0.22584997,0.21910088935312885
0,0.8222456811736866,0.8068878,0.7710271157763507
0,0.08150537614594516,0.10978994,0.15067497586549214
0,0.34178580774389,0.21016824,0.20123329214192584
0,0.04054460261375118,0.05550689,0.11915388492995165
1,0.664737404403515,0.5405488,0.5801415810208075
1,0.8475408025718406,0.7006307,0.7434248126508992
0,0.5331219953481596,0.28363407,0.3172446571636362
0,0.42208972969348857,0.38347074,0.3924807305461616
0,0.07788929723412691,0.075472854,0.13213721232577713
1,0.47057478821009435,0.46789595,0.4581261681813388
0,0.1153917392493801,0.09462422,0.14829877183128232
1,0.1697743109474458,0.15635906,0.1659931598026917
0,0.7053391445517536,0.75578845,0.743273830729098
0,0.6494013075650504,0.49602753,0.5356757698696097
0,0.8658381500503016,0.840226,0.7879318181245372
1,0.8049241333283771,0.80709094,0.7651890792705605
0,0.31120230762263457,0.17176513,0.20382135138704624
1,0.5781923457977718,0.54924047,0.5373604496478348
0,0.2315287331170295,0.12200392,0.1630748510995434
0,0.04482400158615118,0.025264552,0.10626323414747282
1,0.26343400244821624,0.44917712,0.4002414947711955
1,0.8574441475468381,0.81700677,0.8160382732052953
1,0.1707975597249265,0.28831628,0.2712183233941599
1,0.6125373085621584,0.83467084,0.7697976494108587
0,0.05655126458072618,0.037035875,0.11542374440031651
0,0.3241409716849166,0.4311669,0.4382394890465073
1,0.6796439166545061,0.7017135,0.6663312654389726
0,0.17023912229733837,0.12973577,0.14963281546089785
1,0.9745155400141983,0.9629686,0.8842512890632472
0,0.11394845280963393,0.09370762,0.1546865828861444
1,0.1209862864907532,0.13786791,0.167123542192469
0,0.42093337469233955,0.534565,0.46074683783543896
1,0.6223549980155549,0.6427873,0.6551604165063339
0,0.03309984063096252,0.025617938,0.1071039574010694
0,0.19964298309692408,0.16036382,0.1846832261931626
0,0.26469938069356513,0.09178185,0.15708186133323507
0,0.11577511013045573,0.09239638,0.1380912619056634
1,0.1400075459749719,0.11251084,0.17026237602536354
0,0.11464475572011734,0.1063043,0.15060927624131998
1,0.5302973241149279,0.31249747,0.27624613648293483
0,0.13069678166347862,0.06752602,0.1321717935576509
0,0.10181492379214516,0.10381833,0.1507202811129809
1,0.7637493799354426,0.61689276,0.5708210957360359
0,0.34198670569111855,0.30576888,0.22426127312695546
0,0.3958921049410973,0.17618409,0.2016493470529191
1,0.840605648655498,0.69556004,0.5710797374141705
0,0.55581833550312,0.40387228,0.32097454139839077
0,0.19697814714567813,0.105042994,0.14008700703862426
1,0.7346167572895654,0.87252164,0.8160578557746959
0,0.5252073846874825,0.3845125,0.4042699944018279
1,0.09608000991932795,0.044799108,0.12133791434385237
1,0.5081990326739675,0.51007617,0.4876519678684047
1,0.5882571466404977,0.42254907,0.41919447404930477
0,0.5141902479076649,0.5053073,0.5109186208647347
0,0.12550985284700839,0.06591686,0.12226624117070302
1,0.7999602246475765,0.76621926,0.7345291197798605
1,0.13520567093115676,0.10514827,0.15557989879197848
0,0.30944538791871884,0.15067188,0.16892048360274076
0,0.509775984447013,0.7732459,0.7813251175511385
1,0.13956747542997464,0.09727328,0.1423807831352895
0,0.10770949652740563,0.17912146,0.17504095229374134
1,0.18766328039301158,0.21187288,0.19694310638719714
0,0.4243550287393665,0.61472785,0.6303804683306364
1,0.09832215223770052,0.11166347,0.1513271720524655
1,0.8047970881469919,0.56825566,0.5964411596851649
1,0.440597474292546,0.29461914,0.3077349796689234
1,0.14372986727421208,0.12215178,0.17406297830512824
0,0.09995548692637254,0.12826085,0.16565502800771384
0,0.22365044421992727,0.28639555,0.27048440510384275
1,0.6251663764075485,0.6694066,0.6896064937980992
1,0.9056460805298262,0.93355066,0.8698543343880173
1,0.366504652562783,0.34738553,0.26844262993072493
0,0.0800663968065902,0.2555019,0.2822804981309931
0,0.5688450462318353,0.32519743,0.3341240266105451
0,0.08334565296803763,0.08318191,0.14224745207843323
0,0.2846487395621133,0.4464347,0.42832877028880556
0,0.3441273391252748,0.15067272,0.17880926524234086
0,0.24524755491944109,0.14406645,0.16830930631445873
0,0.6684805633008725,0.6072607,0.6278495163484183
0,0.8458293365784204,0.8850082,0.8205615990769208
0,0.12871858035874018,0.12003634,0.1525571089415841
0,0.14148355999158724,0.18206559,0.1681787850576929
0,0.06717521664806689,0.047728088,0.11714565171060069
1,0.4338175375682097,0.529325,0.5063926297633068
0,0.2334525534872767,0.10228518,0.13880210711894844
0,0.14167434634583123,0.08271952,0.14432599839728566
1,0.8704328270384961,0.85489434,0.8101250870271357
0,0.6280740217378135,0.62019855,0.6326228169582284
1,0.5135110501296765,0.47335735,0.4305175297925138
1,0.3057163848107056,0.43308568,0.4457181425213026
0,0.2038070157168004,0.3055346,0.2719139797365893
0,0.09008067897343706,0.0972504,0.14808917017735185
0,0.3452746726491769,0.5468142,0.49347400556698584
1,0.8627666522452051,0.93716645,0.8653301027540234
0,0.2922937536751246,0.3720585,0.3203872181761741
1,0.8391588729390442,0.9259877,0.8648918444026934
0,0.20821229560360704,0.26175144,0.22551828297799698
1,0.23985756976610048,0.2633349,0.24407581391626626
1,0.7538391345373147,0.6811104,0.6939226021685134
1,0.13053155415337397,0.11506378,0.13581927154992035
0,0.4429619825176327,0.29036075,0.3054046181139144
0,0.22067101260639524,0.1252869,0.15833458964922512
0,0.10902545662588814,0.1111434,0.1485920952988373
0,0.5719316303014462,0.39663708,0.3964738314023035
0,0.242466724886436,0.19328158,0.19947064155132954
0,0.4749563489618631,0.39274862,0.4172042417472478
0,0.22468282846497706,0.2967011,0.30484073776858844
0,0.14760397803710582,0.08546516,0.1355559281739423
0,0.422387759092191,0.12165757,0.1666855500744596
1,0.5435989593362318,0.78089803,0.7435619269834796
1,0.2216682060681329,0.6344937,0.7276627528199738
0,0.06488611822125812,0.03918926,0.11595274490827523
0,0.15173753071735893,0.20139907,0.1933679610927967
1,0.9203367981454911,0.95445734,0.8730630361695164
0,0.178026498155335,0.18370745,0.18680314200579948
1,0.9424923721871797,0.980892,0.8892145871427406
0,0.08545952251966617,0.10468224,0.145289853954252
1,0.5264554532980653,0.34709832,0.2784166749379119
0,0.1245215854992023,0.09270825,0.14025675372913166
1,0.43113785966471974,0.32388517,0.2806288882879497
1,0.6074458074106445,0.7486847,0.7184537693906264
0,0.313416947062372,0.24475342,0.21016480640144816
1,0.8947505336791497,0.9630149,0.8782094793534558
1,0.7487505424882079,0.6814698,0.6277049356946807
1,0.8382905243277319,0.84717226,0.848094701897222
0,0.18509932759235043,0.121033706,0.1527294928965089
1,0.14511899333361275,0.42128167,0.41589796772055604
0,0.7325936004620958,0.85760224,0.8097841890130315
0,0.041539476445204504,0.06081495,0.12167332459245098
1,0.6631777169363536,0.7736134,0.7415019636558715
1,0.7697934576215952,0.5064417,0.5239188699339239
1,0.4373360018233605,0.33525,0.39544410630472066
0,0.10423585704704574,0.10522055,0.14800577118673391
0,0.34711835318711987,0.30928436,0.292306279239343
0,0.2707574167216931,0.28287107,0.29558423737802464
1,0.325855092008531,0.5404844,0.5632032974169747
1,0.42560575616169893,0.52924705,0.5024485863787833
0,0.5466144559468102,0.43855977,0.44468889278741963
1,0.5485992578804103,0.60462964,0.6714337343956277
0,0.3817767966954528,0.5621329,0.5645432343323045
1,0.8089633663926382,0.6233798,0.678985962875267
0,0.6192355058588528,0.5110378,0.49480347869227587
1,0.1328976348301535,0.09257173,0.13605197900505958
0,0.1881144714681164,0.12703538,0.15713981826373072
1,0.878623895575347,0.87665826,0.8265839510145099
1,0.4071902351740399,0.39934397,0.3849073275095215
0,0.3811820688995257,0.5475978,0.5821601385731928
0,0.6032925062725566,0.5428516,0.5017512566230923
1,0.771684398835202,0.806161,0.7128923168994995
0,0.58910654844658,0.40548834,0.46953339280463735
0,0.4365543360278051,0.5509491,0.5186511784786253
1,0.78255941933011,0.83037394,0.7884118073571645
1,0.6359378893765268,0.52503645,0.4678547476170495
0,0.09288679983896769,0.07815886,0.135556927300963
1,0.6800308423690206,0.86095446,0.8087092258737328
0,0.45134422886956205,0.44787982,0.40905806802393607
0,0.058602464065263,0.07770308,0.13422078410349414
1,0.8772311129148292,0.8598039,0.8157602020125901
0,0.30705641643925735,0.25019395,0.2988067598134474
1,0.2878467596330838,0.5441716,0.518351566230311
1,0.32177626051725833,0.52121264,0.40216696580583733
1,0.1816305134711088,0.2803492,0.24638961336670623
1,0.8125912086821201,0.8950241,0.8326490237762416
1,0.07449939600933046,0.12945706,0.160724517959195
0,0.050250050161564516,0.01376283,0.10375801665777076
1,0.4448943456321032,0.5767244,0.588443208164214
0,0.34795517967324885,0.15593627,0.1978878983372633
1,0.2859960010405693,0.47164392,0.4779045960752315
0,0.21148334775463556,0.47124565,0.4023420234844243
1,0.6330130655563281,0.84380925,0.7754508335542084
0,0.17359223754290187,0.18500288,0.19877418835139468
1,0.7199597724256378,0.81909907,0.7825185161081553
0,0.7463450756922939,0.8271328,0.780946842653538
1,0.16778657923150134,0.14438888,0.17963588155834023
0,0.30423574361488015,0.19117275,0.2369839792947889
0,0.202994159727527,0.14961311,0.1640338558819483
1,0.5753300444742547,0.67273736,0.6352907956226905
0,0.4155834099285303,0.41639125,0.47020749460380734
0,0.2998978310487921,0.17198846,0.18438455353126643
1,0.9124606467809627,0.8789073,0.8026124519300781
0,0.22127618271018282,0.24123268,0.2150546564860159
0,0.3070008918983351,0.12330411,0.17611467032210343
0,0.2887594789908817,0.21607871,0.20348253752227988
0,0.4464017936562239,0.63216037,0.6158306101302597
0,0.5783020432730086,0.4192973,0.4159635096777846
0,0.4818191939555551,0.40115374,0.32048538058069365
1,0.048822764107814394,0.04197793,0.11506087214617025
0,0.08600007604460477,0.4262419,0.4158514854774409
0,0.24248373349403382,0.047442343,0.1310278548419877
0,0.2860672059398794,0.14691378,0.17039115539381006
0,0.6942819140038881,0.45902562,0.47817292803514533
0,0.031225523722414793,0.013259811,0.10131140864043278
1,0.23769478793692456,0.20495844,0.22079778586038962
0,0.16580992789793886,0.18980241,0.1737453124099299
1,0.41336612080325863,0.42291054,0.4474802886505004
0,0.5188729962211132,0.50857687,0.43461054581553293
0,0.11598196931419616,0.17115511,0.20190146596251374
0,0.18219201517177064,0.30839145,0.26815639483928855
0,0.05031052330450299,0.035949875,0.11396529614239778
0,0.46850243238765515,0.35867894,0.2700980060614633
1,0.8358287753971605,0.7850202,0.7818808096678265
0,0.2335064840316102,0.12767154,0.1620072638396456
0,0.7002793996482417,0.42868462,0.45891897236733226
1,0.7208886991719902,0.8401201,0.8164213431208542
0,0.33168872397469973,0.4202744,0.37100753322427876
0,0.692965453638145,0.5154709,0.5281086474351648
0,0.23111433364037062,0.30753064,0.2817106354373834
0,0.17944722482046513,0.21629743,0.21293267712684966
1,0.6388672127350894,0.49581295,0.5026328774230878
0,0.09593218272393415,0.030619172,0.11317043479227877
1,0.7478112550025002,0.86766356,0.8356131605815698
1,0.6105015475739525,0.48097274,0.48070310666632354
0,0.050205700195224946,0.018096816,0.10366030491923542
0,0.37539365704225836,0.12302921,0.17417895285528245
0,0.0801153713642356,0.119152896,0.15301882076411655
0,0.376165555131064,0.26272672,0.2886847908814244
1,0.900329342418481,0.79783726,0.7774522319024861
1,0.6942922320393129,0.7771488,0.709491861654637
1,0.36347989503004385,0.5410024,0.5399007970892209
0,0.045804788616920306,0.08792614,0.13401400441090158
1,0.878881847623804,0.9050838,0.8545225366141931
0,0.36988190078694244,0.34593853,0.3398982154993768
0,0.26871446253819625,0.14743648,0.1690227344789977
1,0.5978876108928931,0.56978166,0.5676668218144131
0,0.023566679444315394,0.031930935,0.1146980849706968
0,0.25432903406547197,0.19667518,0.2133468172347975
1,0.7004410809987657,0.5216102,0.5617226629440077
0,0.2733857845222922,0.3003122,0.27249987228064565
0,0.08844347161483003,0.0388051,0.11221104723084666
0,0.4062968325050258,0.17609787,0.1875097312415933
0,0.03269039842118915,0.012093946,0.10105872482205498
1,0.6452500691856816,0.8518176,0.8035600936672619
0,0.14292612949286715,0.15240903,0.15548515260876056
0,0.15073591375895945,0.24416915,0.24496983507894324
0,0.03354520933574002,0.027565764,0.11272999254833235
1,0.4479081195594808,0.49281394,0.4374960653188711
1,0.2039773120445048,0.27344927,0.24227524752439042
1,0.36704183378942495,0.2925524,0.31918579810189207
0,0.18422487436143478,0.078095585,0.1430101906928663
1,0.4108016273179279,0.4690741,0.5081017509111303
1,0.8446034510693081,0.907045,0.8476073982395791
1,0.48883136929150944,0.66018283,0.678968133887153
0,0.6259203024199689,0.68301547,0.6623267374572521
1,0.8573822231663415,0.8337337,0.8174921200997434
0,0.21759200271492277,0.15715888,0.18521631875160516
0,0.06046292961272967,0.04429054,0.11692983690001726
0,0.0241734827466707,0.024669362,0.10629254822435057
1,0.7373377609058859,0.90106344,0.8504027986555034
1,0.6008510748070631,0.65456665,0.6919318437885196
0,0.13645973084252275,0.13718359,0.1598929070579944
1,0.5978087214215101,0.6698411,0.6067685326589687
1,0.45554195693737165,0.4085049,0.37363258152300244
0,0.09037147521985378,0.03262917,0.1135638479148288
1,0.7090124491527031,0.6071455,0.5769137429281839
0,0.44506939396118833,0.20291778,0.22150045553219205
1,0.19051613151396865,0.22635931,0.21120620187004957
0,0.04228226640721706,0.045898933,0.11704847380395769
0,0.360875433332994,0.1451912,0.17568437278811372
1,0.3156605926476353,0.4579291,0.4590563480541605
0,0.6547733911521731,0.33196393,0.3402442611840381
1,0.8909407690693498,0.9749176,0.8851764684233385
1,0.25533223297654756,0.1707344,0.2318839096997754
1,0.274137872949175,0.16067815,0.1953935249602398
0,0.25287649437421966,0.19677694,0.18346520393618915
1,0.6952469544596765,0.6125764,0.61825678041718
1,0.22683207757804436,0.2522069,0.23056309329419059
0,0.08674298581781302,0.045440733,0.11263530811660956
0,0.05901519945451481,0.15385333,0.1804959290695148
1,0.411865919927299,0.59320897,0.5093348046415439
1,0.0774253776481299,0.06451442,0.12580209038996118
0,0.67979911683788,0.35241464,0.3219049531834245
1,0.7099400030858474,0.8890343,0.7917767785674936
0,0.18827621839256714,0.13931327,0.15632246053047413
1,0.5899008805869415,0.5317273,0.5354914668822315
1,0.46737334946771325,0.39907262,0.3367957267078965
1,0.6188791682513708,0.7004765,0.7300636102170273
0,0.12445442781050632,0.081817195,0.12955428002013408
0,0.6272410577059848,0.47029766,0.46457149913003526
0,0.4696548983214836,0.53253716,0.5733907173140593
1,0.6134122870613847,0.71152514,0.6803416405873643
0,0.07901830847490278,0.06262961,0.12687998550396457
1,0.4994875688072324,0.3527903,0.4031547633263842
0,0.5832183327444918,0.7753158,0.6968279143166238
0,0.16174183378018564,0.11868732,0.17321482567082327
0,0.37837426640730415,0.654846,0.5756908332334678
0,0.7725690500453051,0.8261503,0.7799172761652298
0,0.28564753004820687,0.1652484,0.18742486368232725
0,0.3145807360769264,0.16843787,0.19483782503342184
0,0.13719905197633733,0.18311597,0.17938425142911663
0,0.12324591812192641,0.12966736,0.14709610583108507
0,0.1282271351328062,0.10102873,0.14035198032588508
1,0.2699304476195,0.18093023,0.2019710541858085
0,0.16832983540297672,0.13675691,0.17690149112439024
0,0.18094363686723572,0.2760145,0.2938732745024741
1,0.42113884080943254,0.5858973,0.6356058479860794
0,0.07661393745554432,0.026765114,0.10665758674006569
1,0.6489182944157204,0.82286257,0.805186021613466
1,0.14565994790702805,0.11143389,0.15828187089699486
1,0.2603372584280858,0.14328043,0.16099334417662844
0,0.75818739936969,0.85045797,0.8248838761104681
1,0.7209191379154595,0.66096115,0.6632603997892706
1,0.8808545538862209,0.96031326,0.8766622854909428
1,0.6763202780083362,0.5373743,0.5611958022250522
0,0.18404840286833635,0.18541653,0.1953932844236548
1,0.10013009273955377,0.039072033,0.1143570754925475
1,0.2984686233417714,0.44489816,0.4069623489529374
1,0.12725553242476992,0.25732982,0.24143645185720103
0,0.2582634889577823,0.122839265,0.17494356377935877
0,0.17882951200244135,0.15665093,0.16684047379087108
1,0.7833832516809565,0.5061005,0.5727422761412082
0,0.25111429501265,0.2172518,0.2137922619458715
0,0.7593130745006408,0.90198904,0.8468844854298494
0,0.18607208244653922,0.12829334,0.17009398052861124
1,0.6992751909346069,0.48072097,0.5001093783916103
0,0.3587250170087549,0.15118565,0.19424565074916736
0,0.06966503021874008,0.07735459,0.13500555252107987
1,0.6962548486590973,0.822491,0.7935709941790541
0,0.26497994939040814,0.282142,0.23284702939108665
1,0.4151034243176839,0.52147037,0.5483925455620555
1,0.5444227943103016,0.5386136,0.5441777317770202
1,0.6180058229799203,0.56803083,0.5969660058514854
0,0.28156433157940464,0.1770108,0.19268641728126895
1,0.7337385849291728,0.6153992,0.6517870717244919
0,0.6265768494217526,0.553317,0.5631173528542468
0,0.37804755064568385,0.38511533,0.37904340860983565
0,0.09221570646664198,0.05377073,0.11685550118117335
1,0.6950496431715301,0.54723513,0.608990213474679
0,0.3554305164702169,0.3556059,0.2950568595572858
0,0.48710365882257944,0.52058715,0.516020862073647
0,0.06378739868812656,0.034054946,0.11078007525949016
0,0.04566877190250154,0.06683744,0.12813576496527995
0,0.4644868531620856,0.29221836,0.3203008728666039
0,0.05939802797630827,0.049701106,0.11654615729118648
0,0.33901124967642193,0.3410867,0.31875545968739305
0,0.04197525390576777,0.031587355,0.10877255964733408
1,0.8006082222872914,0.87982357,0.8130007564401872
1,0.592944735521675,0.65854883,0.6301991495647157
1,0.28983447071459756,0.30590245,0.31979511386159853
0,0.051603771497280924,0.031939685,0.11007784544362595
1,0.2005199570331425,0.16060616,0.19871091156494197
1,0.7077951371210303,0.35307986,0.3583105244549393
0,0.58339910190395,0.43617237,0.4169097880493096
0,0.6488828720835255,0.67706245,0.5814915264123018
0,0.516159860601518,0.24997523,0.25138683975542564
0,0.1353662830182776,0.091551706,0.14392350178538543
1,0.7878979900673561,0.6342646,0.6709114754579936
0,0.2041169856589745,0.40604362,0.30906998000724445
1,0.673102605212422,0.76840496,0.7250607581671874
0,0.07464996186255234,0.0566371,0.11232633074675775
0,0.09103880803987188,0.12830135,0.15326923872317913
1,0.7461046658451603,0.8723271,0.8285562602063351
0,0.21418395205930008,0.33627963,0.25250692859635027
0,0.42685464315514604,0.21824832,0.21777425660075944
0,0.2684874108667842,0.2136624,0.2003015632082604
0,0.6649829757570823,0.6844574,0.5986459035355305
0,0.2634469150713926,0.2066817,0.20385395843494844
0,0.6199615510762965,0.45395926,0.45107178468328
1,0.29791315038501376,0.13198946,0.15520386830901867
0,0.0620551988293102,0.045749817,0.11895595502183128
0,0.18071725675381814,0.1938801,0.1984469111925115
0,0.3102575590171898,0.26110372,0.2136527275897364
1,0.6955423819783799,0.8621437,0.8366751569381888
0,0.09614818244804378,0.15215272,0.21407521216708192
0,0.09122558516510178,0.09310162,0.1443226007681457
1,0.19988649428014238,0.13771352,0.15610838521700293
0,0.5782566514113635,0.49395,0.5162121069262584
0,0.12036103400817838,0.07282337,0.1328595553628333
0,0.8626818637596266,0.89611447,0.8515329976726201
1,0.8567055770736549,0.9491785,0.8678954629705788
1,0.6771537189397836,0.47272098,0.48987842956047195
1,0.6930195777210123,0.67713076,0.6882476712510937
1,0.5439520050880994,0.53326744,0.5317198422669949
0,0.5431588893939886,0.7289937,0.6647105768642974
0,0.2872164186790556,0.21284734,0.2308908560790912
1,0.6673723981303475,0.5670112,0.5066633309224853
0,0.06638678482609135,0.08540293,0.13606099282998738
1,0.7578825140850519,0.5019966,0.5516341450929902
1,0.6279054079037495,0.75190294,0.7077041941849659
1,0.7592556702313938,0.75596267,0.7068540594058053
1,0.6207940917449519,0.6960118,0.7172165903781046
0,0.3644099047162118,0.30619726,0.29257666246582736
1,0.9155338047232454,0.9413121,0.8721637466622274
1,0.790321590196954,0.8659845,0.8236658156766852
0,0.7229034240302546,0.6357854,0.5867249480218973
0,0.4608135645510759,0.66401803,0.6886200252252983
1,0.8043319854215305,0.67276067,0.6135075573911674
0,0.07691495873544857,0.070394054,0.1304568876539852
0,0.9437203797189557,0.94846493,0.8763955135376618
0,0.12753009105616797,0.06848437,0.130235702884496
0,0.3992202858685392,0.29491395,0.2718174325464915
0,0.3205364957518234,0.3768128,0.42179670039339967
1,0.8699794457430434,0.7827176,0.7719982154038536
1,0.8022507172465003,0.6372701,0.6607372316884134
0,0.19913290693339275,0.11731035,0.1383323830754138
1,0.764170821535205,0.76060736,0.6870425956252901
0,0.46342241513212074,0.41311738,0.37611718441547753
0,0.22273402095330253,0.20191234,0.19358178773997853
1,0.9255589442032137,0.8494652,0.8304571695579845
1,0.151328847037679,0.22724073,0.25124138498953574
1,0.7078080309515651,0.8046922,0.7817201691076276
0,0.19897137008769628,0.11479984,0.14988320282741138
0,0.11712914535911288,0.04382699,0.11533566062788117
1,0.8852178233819935,0.8803167,0.8284983453217851
1,0.850170903870662,0.8809407,0.8278769844759332
0,0.19175126390748293,0.15232447,0.18032952057275498
1,0.4487890562739888,0.3871593,0.3339753453761383
1,0.36525408260875636,0.53165996,0.48591121407740123
0,0.09875682713212099,0.07418508,0.12101413155294749
1,0.5621700863348308,0.44066957,0.45465426713454216
1,0.4934253672152888,0.72287095,0.7504176678791491
0,0.1637807524652975,0.071564265,0.13032640985980856
0,0.12938097566701592,0.090479374,0.13644107666027608
0,0.40417529289819426,0.5934012,0.5222833929001043
1,0.5764822458734763,0.59959763,0.6345511174237389
0,0.3671709579603246,0.51777864,0.4901306599647154
0,0.3589326442493648,0.38044876,0.3968411592445218
0,0.056819121432975704,0.024397029,0.10910725498747509
0,0.042356460912629935,0.065897465,0.13017802017835772
0,0.15887929040937815,0.1854946,0.1821182665353292
1,0.7418331849449243,0.58700544,0.5005380309076144
1,0.91698591003714,0.8492833,0.8206054488782281
1,0.9430272422981159,0.9572456,0.8813384726902644
1,0.7172821781707914,0.70345944,0.674184981456494
1,0.6088681560569266,0.8341405,0.8277161877366916
0,0.23510400137003812,0.30697617,0.29955328397107017
1,0.9641619399865717,0.884537,0.8291261827911255
0,0.06963919478109157,0.057081662,0.11835333607673008
0,0.18481793070694558,0.20511177,0.1835680744323083
1,0.3022545094198023,0.23979707,0.21059499611220778
0,0.04630961580759108,0.036938857,0.11459183302087161
0,0.20173915383438396,0.3252521,0.38355965101033485
1,0.4919561754455584,0.31712413,0.3372605640539845
1,0.4845671818463172,0.13084932,0.21063644018383204
0,0.15765160615272703,0.22410224,0.2005465918876012
1,0.9270976121577714,0.9763717,0.8713841284892616
1,0.9560053801250985,0.96911937,0.879409593643779
0,0.9229126745813584,0.79466426,0.7515256593934108
0,0.48129201041176617,0.41694176,0.41439037514521965
1,0.6326760923301823,0.7721349,0.7735388411171057
0,0.4563878876984641,0.68115085,0.7108030067981387
1,0.7586220711547289,0.86620134,0.8064752709822216
0,0.6395532218936737,0.397687,0.3957064440305582
0,0.4096245001575623,0.51365083,0.5338622314616128
0,0.3734868861700856,0.19720612,0.20716726613704192
1,0.5867407791516885,0.4555077,0.4575489481457162
1,0.4902833511758928,0.618312,0.6060829295647008
0,0.1404794045065238,0.15195285,0.16739191707832127
0,0.10127854579567619,0.061419755,0.1221677799279387
1,0.38982838036651646,0.6469875,0.5879280453437309
0,0.3037166164372703,0.39599484,0.3208755606191622
0,0.5075273037661926,0.62191623,0.5894594737879701
1,0.11987824360151665,0.21490207,0.23052173108947932
0,0.8045360197478938,0.88938755,0.8095750356155517
0,0.03913475078771026,0.09020949,0.13282099509909484
0,0.20073277240828039,0.41371378,0.37827687139224464
1,0.8279612329153198,0.9462662,0.8713623800164527
1,0.6971828654810105,0.51864,0.5875265524173567
0,0.7239585897967011,0.74152327,0.7649971524225567
0,0.3651764937757192,0.22331412,0.23339910193391886
0,0.2658961149776638,0.1805432,0.18426481405952028
1,0.337746857423153,0.4427093,0.32187538369645613
0,0.36151154736525914,0.21029587,0.2359704948198711
0,0.06752736762215363,0.102758296,0.14976564202940842
0,0.3855750569046705,0.3942295,0.3560749588225679
1,0.5338105695680572,0.72102916,0.680493337808206
0,0.48962114456428074,0.57863075,0.5787054818026153
1,0.23882717531690578,0.16988526,0.20345703135226487
1,0.10493404320248158,0.0994672,0.13899152994612568
0,0.6455258682140106,0.58574426,0.644941570720146
1,0.5438006999396957,0.78863996,0.7680466871429006
0,0.07688236678436082,0.09462654,0.15466168989930845
1,0.9490641859910092,0.9478239,0.8690109677066449
0,0.6287205244967657,0.6192414,0.7035231875603263
1,0.8802861440916484,0.8746117,0.7932532048785731
1,0.3054049490150882,0.26227456,0.2458837942876415
1,0.7987678403927455,0.7255571,0.7205278490816148
0,0.1015273464159715,0.10749652,0.144472136915762
0,0.7088200317831158,0.47139978,0.510119568568794
0,0.5394462641973846,0.6326079,0.6401429211953269
1,0.8757379820762244,0.8395218,0.8105498378983647
1,0.8234540866052207,0.897895,0.8370119223916532
1,0.24865694765465057,0.39189103,0.39526877173602126
0,0.24706920567394608,0.12392843,0.17113564168820097
1,0.24557620585706455,0.20406753,0.23312152729298113
0,0.09554438970720251,0.08171045,0.12788330731859415
1,0.6662984699584555,0.40532136,0.3883841280917415
0,0.27233243555028647,0.3322138,0.31504141957519144
0,0.4611280188342304,0.37204972,0.3294430533764109
0,0.20624184338937873,0.3726189,0.3265010231224832
0,0.34608486031552477,0.30948368,0.2715919919410873
0,0.24355282571794992,0.43931237,0.3695204762056538
0,0.3594761756253731,0.2516997,0.26524867126422946
0,0.05843085504331081,0.097404815,0.1483544470201414
0,0.32067457900010976,0.4743729,0.42440656066577054
0,0.12795719436489514,0.17312789,0.2133509478522353
0,0.21599623289022862,0.12545995,0.16882801455103397
1,0.44503896130930315,0.6987199,0.660160530248404
0,0.7490170980583724,0.89717567,0.8264208072787127
0,0.21879596543383573,0.19679777,0.23651712835096728
0,0.03122869900968302,0.055116624,0.11979318951954221
0,0.0873950510881859,0.07064795,0.12448622376396226
1,0.3102269876532841,0.21257035,0.1868581198405544
1,0.19439872316006984,0.14587417,0.1541077245309631
0,0.16094127400424432,0.22180171,0.26590849637225766
1,0.436375938042064,0.20102158,0.22491594183820043
1,0.8880388464605548,0.9061761,0.8043734221309172
1,0.6481234500949464,0.83246,0.8224437559291354
0,0.0758578599684005,0.062474247,0.1267316775287262
0,0.08024428213885555,0.099017076,0.14377477687925275
1,0.7371117976214425,0.7610379,0.7432213649788778
0,0.30329968703202886,0.28343955,0.2803328949526138
0,0.7034340523788077,0.5670712,0.5395749426280573
0,0.4035747198950535,0.49592775,0.48777012574813944
1,0.4648788227527448,0.34777865,0.3497990447798761
1,0.7666553265349074,0.8764902,0.8267144023079037
1,0.09205716928349765,0.09829694,0.13824777047019138
1,0.8901138235591447,0.9607734,0.8842955284450769
1,0.7375674934787204,0.9213903,0.8457635998669721
1,0.8187319734580114,0.9078818,0.8516864471562504
0,0.8662825416508978,0.90030366,0.8591815644355844
0,0.2783108091221108,0.25812912,0.2345347712778083
0,0.28849029933888093,0.2539068,0.25385110784615283
1,0.7652679863683136,0.80693877,0.7588774101095208
0,0.09929671918329445,0.06857703,0.12997137509626738
0,0.03258123218922614,0.029357187,0.10946022721855772
0,0.22780862894328893,0.1016571,0.1483195393487075
0,0.29488693716016345,0.29721105,0.3125481006558466
0,0.049578846365867506,0.05884475,0.12347691605990815
0,0.15723165063567646,0.089889795,0.1368504365361419
0,0.07887904177795832,0.11333717,0.1447487643337436
0,0.060762064744197666,0.062137887,0.13015335884104476
0,0.04984775750951137,0.048823796,0.11753371719188836
0,0.08262296786235267,0.020825734,0.10816191172190019
1,0.24703784520795424,0.44319424,0.399420710204866
0,0.5564623034245031,0.5058005,0.47137776908272977
1,0.6927130763838951,0.89884,0.8472063544217064
0,0.03903715558923369,0.027842475,0.10923999343026713
0,0.4932560218181102,0.42350358,0.4062246864831861
0,0.07353891469484224,0.14923985,0.16193111146729294
0,0.7822559079897048,0.8306526,0.7859434636187067
0,0.26966827459706827,0.3456442,0.31185196398469567
1,0.8493735452898734,0.95111114,0.869823876000714
1,0.6901747856367683,0.41450268,0.42061568435602403
0,0.10253734180771905,0.17762055,0.16280635198022103
0,0.745579229241885,0.5634205,0.5478428969409356
1,0.5176541707287143,0.5141717,0.4600347151121394
0,0.6813639564023722,0.6125494,0.5723980223216427
1,0.4264423743856857,0.59101504,0.556597677893538
0,0.17591108704574387,0.31509405,0.3165853424928279
